{"cameraMode":{"drawMode":0,"name":"Shaded","section":"Shading Mode"},"sceneLighting":true,"audioPlay":false,"sceneViewState":{"showFog":true,"showMaterialUpdate":false,"showSkybox":true,"showFlares":true,"showImageEffects":true,"showParticleSystems":true},"in2DMode":false,"pivot":{"x":2.692958354949951,"y":4.8604230880737309,"z":-1.3249354362487794},"rotation":{"x":0.43897897005081179,"y":-0.48785775899887087,"z":0.3116706311702728,"w":0.6871349215507507},"size":22.896984100341798,"orthographic":false}