{"cameraMode":{"drawMode":0,"name":"Shaded","section":"Shading Mode"},"sceneLighting":true,"audioPlay":false,"sceneViewState":{"showFog":true,"showMaterialUpdate":false,"showSkybox":true,"showFlares":true,"showImageEffects":true,"showParticleSystems":true},"in2DMode":false,"pivot":{"x":26.209915161132814,"y":45.068748474121097,"z":31.371379852294923},"rotation":{"x":0.2615216374397278,"y":0.3699100911617279,"z":-0.1093386560678482,"w":0.8847703337669373},"size":159.5765380859375,"orthographic":true}