{"count":1,"gauges":{},"self":121.15709439999999,"total":142.0457485,"children":{"AgentResetIfDone":{"count":7062,"self":0.3421632,"total":0.3421632,"children":null},"AgentSendState":{"count":7062,"self":1.6033696,"total":14.4683248,"children":{"CollectObservations":{"count":45216,"self":12.864955199999999,"total":12.864955199999999,"children":null}}},"DecideAction":{"count":7062,"self":5.013684,"total":5.0136841,"children":null},"AcademyStep":{"count":7062,"self":0.0596487,"total":0.0596487,"children":null},"AgentAct":{"count":7062,"self":1.0028536,"total":1.0028536,"children":null}}}