{"count":1,"gauges":{},"self":484.4943872,"total":516.2461246,"children":{"AgentResetIfDone":{"count":25787,"self":0.1725585,"total":0.1725585,"children":null},"AgentSendState":{"count":25787,"self":1.8657039999999998,"total":18.174918299999998,"children":{"CollectObservations":{"count":82528,"self":16.3092144,"total":16.3092143,"children":null}}},"DecideAction":{"count":25787,"self":12.7966272,"total":12.796626999999999,"children":null},"AcademyStep":{"count":25787,"self":0.0607553,"total":0.0607553,"children":null},"AgentAct":{"count":25787,"self":0.54589579999999993,"total":0.54589579999999993,"children":null}}}