{"count":1,"gauges":{},"self":28.318230399999997,"total":28.421576299999998,"children":{"AgentResetIfDone":{"count":1407,"self":0.025656099999999998,"total":0.025656099999999998,"children":null},"AgentSendState":{"count":1407,"self":0.020794,"total":0.023764499999999997,"children":{"CollectObservations":{"count":282,"self":0.0029705,"total":0.0029705,"children":null}}},"DecideAction":{"count":1407,"self":0.0206947,"total":0.0206947,"children":null},"AcademyStep":{"count":1407,"self":0.0108483,"total":0.0108483,"children":null},"AgentAct":{"count":1407,"self":0.0213859,"total":0.0213859,"children":null}}}